Job Role,Skills
Data Scientist,Python SQL Machine_Learning Statistics Data_Analysis NumPy Pandas Visualization TensorFlow Jupyter Py
Data Analyst,SQL Python Excel Data_Analysis Statistics Tableau Power_BI Visualization Reporting
Machine Learning Engineer,Python Machine_Learning TensorFlow PyTorch Deep_Learning NumPy Scikit_Learn Statistics Algorithms
DevOps Engineer,AWS Docker Kubernetes Linux CI_CD Jenkins Git Automation Shell_Scripting Cloud
Backend Developer,Java Python SQL APIs REST_API Node_JS Databases Git Algorithms Data_Structures
Frontend Developer,HTML CSS JavaScript React_JS TypeScript UI_UX Web_Design Responsive_Design Bootstrap
Full Stack Developer,HTML CSS JavaScript React_JS Node_JS Python SQL APIs Git REST_API
Cloud Architect,AWS Azure Google_Cloud Cloud Docker Kubernetes Infrastructure Networking Security DevOps
Cybersecurity Analyst,Security Networking Linux Cryptography Ethical_Hacking Firewalls Python Penetration_Testing
Mobile Developer,Java Swift Kotlin Android iOS React_Native Mobile_Development APIs UI_UX
Database Administrator,SQL MySQL PostgreSQL MongoDB Database_Design Query_Optimization Backup Data_Modeling
AI Engineer,Python Machine_Learning Deep_Learning NLP TensorFlow PyTorch Algorithms Mathematics Transformers
Software Engineer,Java Python C++ Algorithms Data_Structures Git OOP System_Design Testing
System Administrator,Linux Windows Networking Shell_Scripting Automation Security Servers Monitoring Virtualization
Blockchain Developer,Solidity Web3 Cryptography Smart_Contracts Ethereum JavaScript Python Distributed_Systems
Game Developer,C++ Unity Python Game_Design Graphics OpenGL Physics_Engine JavaScript
Network Engineer,Networking Cisco Linux Security Routing Switching Cloud Infrastructure Automation
UI_UX Designer,UI_UX Web_Design Figma HTML CSS JavaScript Prototyping User_Research Responsive_Design
Data Engineer,Python SQL Spark Hadoop ETL Cloud AWS Big_Data Kafka Database_Design
Embedded Systems Engineer,C C++ Linux Microcontrollers IoT Hardware Firmware RTOS Networking
